X1,X2,X3,X4,X5,X6,X7,X8,Y1,Y2
0.98,514.50,294.00,110.25,7.00,2,0.00,0,15.55,21.330
0.98,514.50,294.00,110.25,7.00,3,0.00,0,15.55,21.330
0.98,514.50,294.00,110.25,7.00,4,0.00,0,15.55,21.330
0.98,514.50,294.00,110.25,7.00,5,0.00,0,15.55,21.330
0.90,563.50,318.50,122.50,7.00,2,0.00,0,20.84,28.280
0.90,563.50,318.50,122.50,7.00,3,0.00,0,21.46,25.380
0.90,563.50,318.50,122.50,7.00,4,0.00,0,20.71,25.160
0.90,563.50,318.50,122.50,7.00,5,0.00,0,19.68,29.600
0.86,588.00,294.00,147.00,7.00,2,0.00,0,19.50,27.300
0.86,588.00,294.00,147.00,7.00,3,0.00,0,19.95,21.970
0.86,588.00,294.00,147.00,7.00,4,0.00,0,19.34,23.490
0.86,588.00,294.00,147.00,7.00,5,0.00,0,18.31,27.870
0.82,612.50,318.50,147.00,7.00,2,0.00,0,17.05,23.770
0.82,612.50,318.50,147.00,7.00,3,0.00,0,17.41,21.460
0.82,612.50,318.50,147.00,7.00,4,0.00,0,16.95,21.160
0.82,612.50,318.50,147.00,7.00,5,0.00,0,15.98,24.930
0.79,637.00,343.00,147.00,7.00,2,0.00,0,28.52,37.730
0.79,637.00,343.00,147.00,7.00,3,0.00,0,29.90,31.270
0.79,637.00,343.00,147.00,7.00,4,0.00,0,29.63,30.930
0.79,637.00,343.00,147.00,7.00,5,0.00,0,28.75,39.440
0.76,661.50,416.50,122.50,7.00,2,0.00,0,24.77,29.790
0.76,661.50,416.50,122.50,7.00,3,0.00,0,23.93,29.680
0.76,661.50,416.50,122.50,7.00,4,0.00,0,24.77,29.790
0.76,661.50,416.50,122.50,7.00,5,0.00,0,23.93,29.400
0.74,686.00,245.00,220.50,3.50,2,0.00,0,6.07,10.900
0.74,686.00,245.00,220.50,3.50,3,0.00,0,6.05,11.190
0.74,686.00,245.00,220.50,3.50,4,0.00,0,6.01,10.940
0.74,686.00,245.00,220.50,3.50,5,0.00,0,6.04,11.170
0.71,710.50,269.50,220.50,3.50,2,0.00,0,6.37,11.270
0.71,710.50,269.50,220.50,3.50,3,0.00,0,6.40,11.720
0.71,710.50,269.50,220.50,3.50,4,0.00,0,6.37,11.290
0.71,710.50,269.50,220.50,3.50,5,0.00,0,6.40,11.670
0.69,735.00,294.00,220.50,3.50,2,0.00,0,6.85,11.740
0.69,735.00,294.00,220.50,3.50,3,0.00,0,6.79,12.050
0.69,735.00,294.00,220.50,3.50,4,0.00,0,6.77,11.730
0.69,735.00,294.00,220.50,3.50,5,0.00,0,6.81,11.930
0.66,759.50,318.50,220.50,3.50,2,0.00,0,7.18,12.400
0.66,759.50,318.50,220.50,3.50,3,0.00,0,7.10,12.230
0.66,759.50,318.50,220.50,3.50,4,0.00,0,7.10,12.400
0.66,759.50,318.50,220.50,3.50,5,0.00,0,7.10,12.140
0.64,784.00,343.00,220.50,3.50,2,0.00,0,10.85,16.780
0.64,784.00,343.00,220.50,3.50,3,0.00,0,10.54,16.800
0.64,784.00,343.00,220.50,3.50,4,0.00,0,10.77,16.750
0.64,784.00,343.00,220.50,3.50,5,0.00,0,10.56,16.670
0.62,808.50,367.50,220.50,3.50,2,0.00,0,8.60,12.070
0.62,808.50,367.50,220.50,3.50,3,0.00,0,8.49,12.220
0.62,808.50,367.50,220.50,3.50,4,0.00,0,8.45,12.080
0.62,808.50,367.50,220.50,3.50,5,0.00,0,8.50,12.040
0.98,514.50,294.00,110.25,7.00,2,0.10,1,24.58,26.470
0.98,514.50,294.00,110.25,7.00,3,0.10,1,24.63,26.370
0.98,514.50,294.00,110.25,7.00,4,0.10,1,24.63,26.440
0.98,514.50,294.00,110.25,7.00,5,0.10,1,24.59,26.290
0.90,563.50,318.50,122.50,7.00,2,0.10,1,29.03,32.920
0.90,563.50,318.50,122.50,7.00,3,0.10,1,29.87,29.870
0.90,563.50,318.50,122.50,7.00,4,0.10,1,29.14,29.580
0.90,563.50,318.50,122.50,7.00,5,0.10,1,28.09,34.330
0.86,588.00,294.00,147.00,7.00,2,0.10,1,26.28,30.890
0.86,588.00,294.00,147.00,7.00,3,0.10,1,26.91,25.600
0.86,588.00,294.00,147.00,7.00,4,0.10,1,26.37,27.030
0.86,588.00,294.00,147.00,7.00,5,0.10,1,25.27,31.730
0.82,612.50,318.50,147.00,7.00,2,0.10,1,23.53,27.310
0.82,612.50,318.50,147.00,7.00,3,0.10,1,24.03,24.910
0.82,612.50,318.50,147.00,7.00,4,0.10,1,23.54,24.610
0.82,612.50,318.50,147.00,7.00,5,0.10,1,22.58,28.510
0.79,637.00,343.00,147.00,7.00,2,0.10,1,35.56,41.680
0.79,637.00,343.00,147.00,7.00,3,0.10,1,37.12,35.280
0.79,637.00,343.00,147.00,7.00,4,0.10,1,36.90,34.430
0.79,637.00,343.00,147.00,7.00,5,0.10,1,35.94,43.330
0.76,661.50,416.50,122.50,7.00,2,0.10,1,32.96,33.870
0.76,661.50,416.50,122.50,7.00,3,0.10,1,32.12,34.070
0.76,661.50,416.50,122.50,7.00,4,0.10,1,32.94,34.140
0.76,661.50,416.50,122.50,7.00,5,0.10,1,32.21,33.670
0.74,686.00,245.00,220.50,3.50,2,0.10,1,10.36,13.430
0.74,686.00,245.00,220.50,3.50,3,0.10,1,10.43,13.710
0.74,686.00,245.00,220.50,3.50,4,0.10,1,10.36,13.480
0.74,686.00,245.00,220.50,3.50,5,0.10,1,10.39,13.700
0.71,710.50,269.50,220.50,3.50,2,0.10,1,10.71,13.800
0.71,710.50,269.50,220.50,3.50,3,0.10,1,10.80,14.280
0.71,710.50,269.50,220.50,3.50,4,0.10,1,10.70,13.870
0.71,710.50,269.50,220.50,3.50,5,0.10,1,10.75,14.270
0.69,735.00,294.00,220.50,3.50,2,0.10,1,11.11,14.280
0.69,735.00,294.00,220.50,3.50,3,0.10,1,11.13,14.610
0.69,735.00,294.00,220.50,3.50,4,0.10,1,11.09,14.300
0.69,735.00,294.00,220.50,3.50,5,0.10,1,11.16,14.450
0.66,759.50,318.50,220.50,3.50,2,0.10,1,11.68,13.900
0.66,759.50,318.50,220.50,3.50,3,0.10,1,11.69,13.720
0.66,759.50,318.50,220.50,3.50,4,0.10,1,11.70,13.880
0.66,759.50,318.50,220.50,3.50,5,0.10,1,11.69,13.650
0.64,784.00,343.00,220.50,3.50,2,0.10,1,15.41,19.370
0.64,784.00,343.00,220.50,3.50,3,0.10,1,15.20,19.430
0.64,784.00,343.00,220.50,3.50,4,0.10,1,15.42,19.340
0.64,784.00,343.00,220.50,3.50,5,0.10,1,15.21,19.320
0.62,808.50,367.50,220.50,3.50,2,0.10,1,12.96,14.340
0.62,808.50,367.50,220.50,3.50,3,0.10,1,12.97,14.500
0.62,808.50,367.50,220.50,3.50,4,0.10,1,12.93,14.330
0.62,808.50,367.50,220.50,3.50,5,0.10,1,13.02,14.270
0.98,514.50,294.00,110.25,7.00,2,0.10,2,24.29,25.950
0.98,514.50,294.00,110.25,7.00,3,0.10,2,24.31,25.630
0.98,514.50,294.00,110.25,7.00,4,0.10,2,24.13,26.130
0.98,514.50,294.00,110.25,7.00,5,0.10,2,24.25,25.890
0.90,563.50,318.50,122.50,7.00,2,0.10,2,28.88,32.540
0.90,563.50,318.50,122.50,7.00,3,0.10,2,29.68,29.440
0.90,563.50,318.50,122.50,7.00,4,0.10,2,28.83,29.360
0.90,563.50,318.50,122.50,7.00,5,0.10,2,27.90,34.200
0.86,588.00,294.00,147.00,7.00,2,0.10,2,26.48,30.910
0.86,588.00,294.00,147.00,7.00,3,0.10,2,27.02,25.630
0.86,588.00,294.00,147.00,7.00,4,0.10,2,26.33,27.360
0.86,588.00,294.00,147.00,7.00,5,0.10,2,25.36,31.900
0.82,612.50,318.50,147.00,7.00,2,0.10,2,23.75,27.380
0.82,612.50,318.50,147.00,7.00,3,0.10,2,24.23,25.020
0.82,612.50,318.50,147.00,7.00,4,0.10,2,23.67,24.800
0.82,612.50,318.50,147.00,7.00,5,0.10,2,22.79,28.790
0.79,637.00,343.00,147.00,7.00,2,0.10,2,35.65,41.070
0.79,637.00,343.00,147.00,7.00,3,0.10,2,37.26,34.620
0.79,637.00,343.00,147.00,7.00,4,0.10,2,36.97,33.870
0.79,637.00,343.00,147.00,7.00,5,0.10,2,36.03,42.860
0.76,661.50,416.50,122.50,7.00,2,0.10,2,33.16,33.910
0.76,661.50,416.50,122.50,7.00,3,0.10,2,32.40,34.070
0.76,661.50,416.50,122.50,7.00,4,0.10,2,33.12,34.170
0.76,661.50,416.50,122.50,7.00,5,0.10,2,32.41,33.780
0.74,686.00,245.00,220.50,3.50,2,0.10,2,10.42,13.390
0.74,686.00,245.00,220.50,3.50,3,0.10,2,10.46,13.720
0.74,686.00,245.00,220.50,3.50,4,0.10,2,10.32,13.570
0.74,686.00,245.00,220.50,3.50,5,0.10,2,10.45,13.790
0.71,710.50,269.50,220.50,3.50,2,0.10,2,10.64,13.670
0.71,710.50,269.50,220.50,3.50,3,0.10,2,10.72,14.110
0.71,710.50,269.50,220.50,3.50,4,0.10,2,10.55,13.800
0.71,710.50,269.50,220.50,3.50,5,0.10,2,10.68,14.210
0.69,735.00,294.00,220.50,3.50,2,0.10,2,11.45,13.200
0.69,735.00,294.00,220.50,3.50,3,0.10,2,11.46,13.540
0.69,735.00,294.00,220.50,3.50,4,0.10,2,11.32,13.320
0.69,735.00,294.00,220.50,3.50,5,0.10,2,11.49,13.510
0.66,759.50,318.50,220.50,3.50,2,0.10,2,11.45,14.860
0.66,759.50,318.50,220.50,3.50,3,0.10,2,11.42,14.750
0.66,759.50,318.50,220.50,3.50,4,0.10,2,11.33,15.000
0.66,759.50,318.50,220.50,3.50,5,0.10,2,11.43,14.740
0.64,784.00,343.00,220.50,3.50,2,0.10,2,15.41,19.230
0.64,784.00,343.00,220.50,3.50,3,0.10,2,15.18,19.340
0.64,784.00,343.00,220.50,3.50,4,0.10,2,15.34,19.320
0.64,784.00,343.00,220.50,3.50,5,0.10,2,15.19,19.300
0.62,808.50,367.50,220.50,3.50,2,0.10,2,12.88,14.370
0.62,808.50,367.50,220.50,3.50,3,0.10,2,13.00,14.570
0.62,808.50,367.50,220.50,3.50,4,0.10,2,12.97,14.270
0.62,808.50,367.50,220.50,3.50,5,0.10,2,13.04,14.240
0.98,514.50,294.00,110.25,7.00,2,0.10,3,24.28,25.680
0.98,514.50,294.00,110.25,7.00,3,0.10,3,24.40,26.020
0.98,514.50,294.00,110.25,7.00,4,0.10,3,24.11,25.840
0.98,514.50,294.00,110.25,7.00,5,0.10,3,24.35,26.140
0.90,563.50,318.50,122.50,7.00,2,0.10,3,28.07,34.140
0.90,563.50,318.50,122.50,7.00,3,0.10,3,29.01,32.850
0.90,563.50,318.50,122.50,7.00,4,0.10,3,29.62,30.080
0.90,563.50,318.50,122.50,7.00,5,0.10,3,29.05,29.670
0.86,588.00,294.00,147.00,7.00,2,0.10,3,25.41,31.730
0.86,588.00,294.00,147.00,7.00,3,0.10,3,26.47,31.010
0.86,588.00,294.00,147.00,7.00,4,0.10,3,26.89,25.900
0.86,588.00,294.00,147.00,7.00,5,0.10,3,26.46,27.400
0.82,612.50,318.50,147.00,7.00,2,0.10,3,22.93,28.680
0.82,612.50,318.50,147.00,7.00,3,0.10,3,23.84,27.540
0.82,612.50,318.50,147.00,7.00,4,0.10,3,24.17,25.350
0.82,612.50,318.50,147.00,7.00,5,0.10,3,23.87,24.930
0.79,637.00,343.00,147.00,7.00,2,0.10,3,35.78,43.120
0.79,637.00,343.00,147.00,7.00,3,0.10,3,35.48,41.220
0.79,637.00,343.00,147.00,7.00,4,0.10,3,36.97,35.100
0.79,637.00,343.00,147.00,7.00,5,0.10,3,36.70,34.290
0.76,661.50,416.50,122.50,7.00,2,0.10,3,32.52,33.850
0.76,661.50,416.50,122.50,7.00,3,0.10,3,33.28,34.110
0.76,661.50,416.50,122.50,7.00,4,0.10,3,32.33,34.480
0.76,661.50,416.50,122.50,7.00,5,0.10,3,33.24,34.500
0.74,686.00,245.00,220.50,3.50,2,0.10,3,10.39,13.600
0.74,686.00,245.00,220.50,3.50,3,0.10,3,10.34,13.360
0.74,686.00,245.00,220.50,3.50,4,0.10,3,10.35,13.650
0.74,686.00,245.00,220.50,3.50,5,0.10,3,10.38,13.490
0.71,710.50,269.50,220.50,3.50,2,0.10,3,10.77,14.140
0.71,710.50,269.50,220.50,3.50,3,0.10,3,10.68,13.770
0.71,710.50,269.50,220.50,3.50,4,0.10,3,10.68,14.300
0.71,710.50,269.50,220.50,3.50,5,0.10,3,10.70,13.870
0.69,735.00,294.00,220.50,3.50,2,0.10,3,11.22,14.440
0.69,735.00,294.00,220.50,3.50,3,0.10,3,11.16,14.270
0.69,735.00,294.00,220.50,3.50,4,0.10,3,11.10,14.670
0.69,735.00,294.00,220.50,3.50,5,0.10,3,11.14,14.400
0.66,759.50,318.50,220.50,3.50,2,0.10,3,11.59,13.460
0.66,759.50,318.50,220.50,3.50,3,0.10,3,11.60,13.700
0.66,759.50,318.50,220.50,3.50,4,0.10,3,11.53,13.590
0.66,759.50,318.50,220.50,3.50,5,0.10,3,11.61,13.830
0.64,784.00,343.00,220.50,3.50,2,0.10,3,15.16,19.140
0.64,784.00,343.00,220.50,3.50,3,0.10,3,15.36,19.180
0.64,784.00,343.00,220.50,3.50,4,0.10,3,15.12,19.370
0.64,784.00,343.00,220.50,3.50,5,0.10,3,15.36,19.290
0.62,808.50,367.50,220.50,3.50,2,0.10,3,12.68,14.090
0.62,808.50,367.50,220.50,3.50,3,0.10,3,12.63,14.230
0.62,808.50,367.50,220.50,3.50,4,0.10,3,12.71,14.140
0.62,808.50,367.50,220.50,3.50,5,0.10,3,12.73,13.890
0.98,514.50,294.00,110.25,7.00,2,0.10,4,24.38,25.910
0.98,514.50,294.00,110.25,7.00,3,0.10,4,24.23,25.720
0.98,514.50,294.00,110.25,7.00,4,0.10,4,24.04,26.180
0.98,514.50,294.00,110.25,7.00,5,0.10,4,24.32,25.870
0.90,563.50,318.50,122.50,7.00,2,0.10,4,29.06,29.340
0.90,563.50,318.50,122.50,7.00,3,0.10,4,28.05,33.910
0.90,563.50,318.50,122.50,7.00,4,0.10,4,28.86,32.830
0.90,563.50,318.50,122.50,7.00,5,0.10,4,29.79,29.920
0.86,588.00,294.00,147.00,7.00,2,0.10,4,26.44,27.170
0.86,588.00,294.00,147.00,7.00,3,0.10,4,25.37,31.760
0.86,588.00,294.00,147.00,7.00,4,0.10,4,26.33,31.060
0.86,588.00,294.00,147.00,7.00,5,0.10,4,27.03,25.810
0.82,612.50,318.50,147.00,7.00,2,0.10,4,23.80,24.610
0.82,612.50,318.50,147.00,7.00,3,0.10,4,22.80,28.610
0.82,612.50,318.50,147.00,7.00,4,0.10,4,23.59,27.570
0.82,612.50,318.50,147.00,7.00,5,0.10,4,24.24,25.160
0.79,637.00,343.00,147.00,7.00,2,0.10,4,36.86,34.250
0.79,637.00,343.00,147.00,7.00,3,0.10,4,35.89,43.300
0.79,637.00,343.00,147.00,7.00,4,0.10,4,35.45,41.860
0.79,637.00,343.00,147.00,7.00,5,0.10,4,37.10,35.290
0.76,661.50,416.50,122.50,7.00,2,0.10,4,33.08,34.110
0.76,661.50,416.50,122.50,7.00,3,0.10,4,32.38,33.620
0.76,661.50,416.50,122.50,7.00,4,0.10,4,33.09,33.890
0.76,661.50,416.50,122.50,7.00,5,0.10,4,32.31,34.050
0.74,686.00,245.00,220.50,3.50,2,0.10,4,10.08,13.200
0.74,686.00,245.00,220.50,3.50,3,0.10,4,10.15,13.360
0.74,686.00,245.00,220.50,3.50,4,0.10,4,10.07,13.210
0.74,686.00,245.00,220.50,3.50,5,0.10,4,10.14,13.530
0.71,710.50,269.50,220.50,3.50,2,0.10,4,10.66,13.670
0.71,710.50,269.50,220.50,3.50,3,0.10,4,10.68,14.120
0.71,710.50,269.50,220.50,3.50,4,0.10,4,10.53,13.790
0.71,710.50,269.50,220.50,3.50,5,0.10,4,10.72,14.200
0.69,735.00,294.00,220.50,3.50,2,0.10,4,11.18,14.290
0.69,735.00,294.00,220.50,3.50,3,0.10,4,11.22,14.490
0.69,735.00,294.00,220.50,3.50,4,0.10,4,11.07,14.420
0.69,735.00,294.00,220.50,3.50,5,0.10,4,11.20,14.730
0.66,759.50,318.50,220.50,3.50,2,0.10,4,11.44,14.860
0.66,759.50,318.50,220.50,3.50,3,0.10,4,11.42,14.670
0.66,759.50,318.50,220.50,3.50,4,0.10,4,11.33,15.000
0.66,759.50,318.50,220.50,3.50,5,0.10,4,11.43,14.830
0.64,784.00,343.00,220.50,3.50,2,0.10,4,15.40,19.240
0.64,784.00,343.00,220.50,3.50,3,0.10,4,15.19,19.250
0.64,784.00,343.00,220.50,3.50,4,0.10,4,15.32,19.420
0.64,784.00,343.00,220.50,3.50,5,0.10,4,15.16,19.480
0.62,808.50,367.50,220.50,3.50,2,0.10,4,12.85,14.370
0.62,808.50,367.50,220.50,3.50,3,0.10,4,13.04,14.340
0.62,808.50,367.50,220.50,3.50,4,0.10,4,13.00,14.280
0.62,808.50,367.50,220.50,3.50,5,0.10,4,13.00,14.470
0.98,514.50,294.00,110.25,7.00,2,0.10,5,24.35,25.640
0.98,514.50,294.00,110.25,7.00,3,0.10,5,24.33,25.980
0.98,514.50,294.00,110.25,7.00,4,0.10,5,24.03,25.880
0.98,514.50,294.00,110.25,7.00,5,0.10,5,24.26,26.180
0.90,563.50,318.50,122.50,7.00,2,0.10,5,29.83,29.820
0.90,563.50,318.50,122.50,7.00,3,0.10,5,29.08,29.520
0.90,563.50,318.50,122.50,7.00,4,0.10,5,28.03,34.450
0.90,563.50,318.50,122.50,7.00,5,0.10,5,29.02,33.010
0.86,588.00,294.00,147.00,7.00,2,0.10,5,27.03,25.820
0.86,588.00,294.00,147.00,7.00,3,0.10,5,26.45,27.330
0.86,588.00,294.00,147.00,7.00,4,0.10,5,25.36,32.040
0.86,588.00,294.00,147.00,7.00,5,0.10,5,26.45,31.280
0.82,612.50,318.50,147.00,7.00,2,0.10,5,24.37,25.110
0.82,612.50,318.50,147.00,7.00,3,0.10,5,23.89,24.770
0.82,612.50,318.50,147.00,7.00,4,0.10,5,22.89,28.880
0.82,612.50,318.50,147.00,7.00,5,0.10,5,23.86,27.690
0.79,637.00,343.00,147.00,7.00,2,0.10,5,37.03,34.990
0.79,637.00,343.00,147.00,7.00,3,0.10,5,36.71,34.180
0.79,637.00,343.00,147.00,7.00,4,0.10,5,36.77,43.140
0.79,637.00,343.00,147.00,7.00,5,0.10,5,35.48,41.260
0.76,661.50,416.50,122.50,7.00,2,0.10,5,32.31,34.250
0.76,661.50,416.50,122.50,7.00,3,0.10,5,33.21,34.350
0.76,661.50,416.50,122.50,7.00,4,0.10,5,32.46,33.640
0.76,661.50,416.50,122.50,7.00,5,0.10,5,33.27,33.880
0.74,686.00,245.00,220.50,3.50,2,0.10,5,10.47,13.650
0.74,686.00,245.00,220.50,3.50,3,0.10,5,10.37,13.440
0.74,686.00,245.00,220.50,3.50,4,0.10,5,10.34,13.720
0.74,686.00,245.00,220.50,3.50,5,0.10,5,10.39,13.500
0.71,710.50,269.50,220.50,3.50,2,0.10,5,10.78,14.180
0.71,710.50,269.50,220.50,3.50,3,0.10,5,10.70,13.750
0.71,710.50,269.50,220.50,3.50,4,0.10,5,10.67,14.260
0.71,710.50,269.50,220.50,3.50,5,0.10,5,13.69,13.890
0.69,735.00,294.00,220.50,3.50,2,0.10,5,11.21,14.550
0.69,735.00,294.00,220.50,3.50,3,0.10,5,11.14,14.280
0.69,735.00,294.00,220.50,3.50,4,0.10,5,11.11,14.460
0.69,735.00,294.00,220.50,3.50,5,0.10,5,11.16,14.390
0.66,759.50,318.50,220.50,3.50,2,0.10,5,11.38,14.540
0.66,759.50,318.50,220.50,3.50,3,0.10,5,11.34,14.810
0.66,759.50,318.50,220.50,3.50,4,0.10,5,11.22,14.650
0.66,759.50,318.50,220.50,3.50,5,0.10,5,11.34,14.870
0.64,784.00,343.00,220.50,3.50,2,0.10,5,15.16,19.240
0.64,784.00,343.00,220.50,3.50,3,0.10,5,15.37,19.180
0.64,784.00,343.00,220.50,3.50,4,0.10,5,15.12,19.260
0.64,784.00,343.00,220.50,3.50,5,0.10,5,15.36,19.290
0.62,808.50,367.50,220.50,3.50,2,0.10,5,12.59,14.240
0.62,808.50,367.50,220.50,3.50,3,0.10,5,12.74,13.970
0.62,808.50,367.50,220.50,3.50,4,0.10,5,12.80,13.990
0.62,808.50,367.50,220.50,3.50,5,0.10,5,12.62,14.150
0.98,514.50,294.00,110.25,7.00,2,0.25,1,28.15,29.790
0.98,514.50,294.00,110.25,7.00,3,0.25,1,28.15,29.790
0.98,514.50,294.00,110.25,7.00,4,0.25,1,28.37,29.280
0.98,514.50,294.00,110.25,7.00,5,0.25,1,28.41,29.490
0.90,563.50,318.50,122.50,7.00,2,0.25,1,32.68,36.120
0.90,563.50,318.50,122.50,7.00,3,0.25,1,33.48,33.170
0.90,563.50,318.50,122.50,7.00,4,0.25,1,32.84,32.710
0.90,563.50,318.50,122.50,7.00,5,0.25,1,32.00,37.580
0.86,588.00,294.00,147.00,7.00,2,0.25,1,29.54,33.980
0.86,588.00,294.00,147.00,7.00,3,0.25,1,30.05,28.610
0.86,588.00,294.00,147.00,7.00,4,0.25,1,29.60,30.120
0.86,588.00,294.00,147.00,7.00,5,0.25,1,28.66,34.730
0.82,612.50,318.50,147.00,7.00,2,0.25,1,26.84,30.170
0.82,612.50,318.50,147.00,7.00,3,0.25,1,27.27,27.840
0.82,612.50,318.50,147.00,7.00,4,0.25,1,26.97,27.250
0.82,612.50,318.50,147.00,7.00,5,0.25,1,26.19,31.390
0.79,637.00,343.00,147.00,7.00,2,0.25,1,38.67,43.800
0.79,637.00,343.00,147.00,7.00,3,0.25,1,40.03,37.810
0.79,637.00,343.00,147.00,7.00,4,0.25,1,39.86,36.850
0.79,637.00,343.00,147.00,7.00,5,0.25,1,39.04,45.520
0.76,661.50,416.50,122.50,7.00,2,0.25,1,36.96,36.850
0.76,661.50,416.50,122.50,7.00,3,0.25,1,36.13,37.580
0.76,661.50,416.50,122.50,7.00,4,0.25,1,36.91,37.450
0.76,661.50,416.50,122.50,7.00,5,0.25,1,36.43,36.620
0.74,686.00,245.00,220.50,3.50,2,0.25,1,12.43,15.190
0.74,686.00,245.00,220.50,3.50,3,0.25,1,12.50,15.500
0.74,686.00,245.00,220.50,3.50,4,0.25,1,12.41,15.280
0.74,686.00,245.00,220.50,3.50,5,0.25,1,12.45,15.500
0.71,710.50,269.50,220.50,3.50,2,0.25,1,12.57,15.420
0.71,710.50,269.50,220.50,3.50,3,0.25,1,12.65,15.850
0.71,710.50,269.50,220.50,3.50,4,0.25,1,12.57,15.440
0.71,710.50,269.50,220.50,3.50,5,0.25,1,12.63,15.810
0.69,735.00,294.00,220.50,3.50,2,0.25,1,12.78,15.210
0.69,735.00,294.00,220.50,3.50,3,0.25,1,12.93,15.630
0.69,735.00,294.00,220.50,3.50,4,0.25,1,12.73,15.480
0.69,735.00,294.00,220.50,3.50,5,0.25,1,12.72,15.780
0.66,759.50,318.50,220.50,3.50,2,0.25,1,13.17,16.390
0.66,759.50,318.50,220.50,3.50,3,0.25,1,13.18,16.270
0.66,759.50,318.50,220.50,3.50,4,0.25,1,13.17,16.390
0.66,759.50,318.50,220.50,3.50,5,0.25,1,13.18,16.190
0.64,784.00,343.00,220.50,3.50,2,0.25,1,17.50,21.130
0.64,784.00,343.00,220.50,3.50,3,0.25,1,17.35,21.190
0.64,784.00,343.00,220.50,3.50,4,0.25,1,17.52,21.090
0.64,784.00,343.00,220.50,3.50,5,0.25,1,17.37,21.080
0.62,808.50,367.50,220.50,3.50,2,0.25,1,15.09,15.770
0.62,808.50,367.50,220.50,3.50,3,0.25,1,15.12,15.950
0.62,808.50,367.50,220.50,3.50,4,0.25,1,15.08,15.770
0.62,808.50,367.50,220.50,3.50,5,0.25,1,15.16,15.760
0.98,514.50,294.00,110.25,7.00,2,0.25,2,28.67,29.620
0.98,514.50,294.00,110.25,7.00,3,0.25,2,28.57,29.690
0.98,514.50,294.00,110.25,7.00,4,0.25,2,28.18,30.180
0.98,514.50,294.00,110.25,7.00,5,0.25,2,28.60,30.020
0.90,563.50,318.50,122.50,7.00,2,0.25,2,32.46,35.560
0.90,563.50,318.50,122.50,7.00,3,0.25,2,33.27,32.640
0.90,563.50,318.50,122.50,7.00,4,0.25,2,32.33,32.770
0.90,563.50,318.50,122.50,7.00,5,0.25,2,31.66,37.720
0.86,588.00,294.00,147.00,7.00,2,0.25,2,29.34,33.370
0.86,588.00,294.00,147.00,7.00,3,0.25,2,29.87,27.890
0.86,588.00,294.00,147.00,7.00,4,0.25,2,29.27,29.900
0.86,588.00,294.00,147.00,7.00,5,0.25,2,28.40,34.520
0.82,612.50,318.50,147.00,7.00,2,0.25,2,25.74,28.270
0.82,612.50,318.50,147.00,7.00,3,0.25,2,25.98,26.960
0.82,612.50,318.50,147.00,7.00,4,0.25,2,25.38,26.720
0.82,612.50,318.50,147.00,7.00,5,0.25,2,24.94,29.880
0.79,637.00,343.00,147.00,7.00,2,0.25,2,38.57,43.860
0.79,637.00,343.00,147.00,7.00,3,0.25,2,40.19,37.410
0.79,637.00,343.00,147.00,7.00,4,0.25,2,39.97,36.770
0.79,637.00,343.00,147.00,7.00,5,0.25,2,38.98,45.970
0.76,661.50,416.50,122.50,7.00,2,0.25,2,36.95,36.870
0.76,661.50,416.50,122.50,7.00,3,0.25,2,36.28,37.350
0.76,661.50,416.50,122.50,7.00,4,0.25,2,36.86,37.280
0.76,661.50,416.50,122.50,7.00,5,0.25,2,36.45,36.810
0.74,686.00,245.00,220.50,3.50,2,0.25,2,12.35,14.730
0.74,686.00,245.00,220.50,3.50,3,0.25,2,12.45,15.100
0.74,686.00,245.00,220.50,3.50,4,0.25,2,12.16,15.180
0.74,686.00,245.00,220.50,3.50,5,0.25,2,12.30,15.440
0.71,710.50,269.50,220.50,3.50,2,0.25,2,12.33,14.910
0.71,710.50,269.50,220.50,3.50,3,0.25,2,12.29,15.400
0.71,710.50,269.50,220.50,3.50,4,0.25,2,12.20,14.940
0.71,710.50,269.50,220.50,3.50,5,0.25,2,12.49,15.320
0.69,735.00,294.00,220.50,3.50,2,0.25,2,12.85,15.520
0.69,735.00,294.00,220.50,3.50,3,0.25,2,12.87,15.850
0.69,735.00,294.00,220.50,3.50,4,0.25,2,12.73,15.660
0.69,735.00,294.00,220.50,3.50,5,0.25,2,12.95,15.990
0.66,759.50,318.50,220.50,3.50,2,0.25,2,13.05,15.890
0.66,759.50,318.50,220.50,3.50,3,0.25,2,12.93,15.850
0.66,759.50,318.50,220.50,3.50,4,0.25,2,12.77,16.220
0.66,759.50,318.50,220.50,3.50,5,0.25,2,13.00,15.870
0.64,784.00,343.00,220.50,3.50,2,0.25,2,17.14,20.470
0.64,784.00,343.00,220.50,3.50,3,0.25,2,16.84,20.560
0.64,784.00,343.00,220.50,3.50,4,0.25,2,17.02,20.480
0.64,784.00,343.00,220.50,3.50,5,0.25,2,17.11,20.430
0.62,808.50,367.50,220.50,3.50,2,0.25,2,14.34,15.320
0.62,808.50,367.50,220.50,3.50,3,0.25,2,14.66,15.640
0.62,808.50,367.50,220.50,3.50,4,0.25,2,14.60,15.140
0.62,808.50,367.50,220.50,3.50,5,0.25,2,14.60,15.300
0.98,514.50,294.00,110.25,7.00,2,0.25,3,28.67,29.430
0.98,514.50,294.00,110.25,7.00,3,0.25,3,28.56,29.780
0.98,514.50,294.00,110.25,7.00,4,0.25,3,28.17,30.100
0.98,514.50,294.00,110.25,7.00,5,0.25,3,28.63,30.190
0.90,563.50,318.50,122.50,7.00,2,0.25,3,31.63,36.350
0.90,563.50,318.50,122.50,7.00,3,0.25,3,32.40,35.100
0.90,563.50,318.50,122.50,7.00,4,0.25,3,32.68,32.830
0.90,563.50,318.50,122.50,7.00,5,0.25,3,32.29,32.460
0.86,588.00,294.00,147.00,7.00,2,0.25,3,28.40,33.520
0.86,588.00,294.00,147.00,7.00,3,0.25,3,29.40,32.930
0.86,588.00,294.00,147.00,7.00,4,0.25,3,29.43,28.380
0.86,588.00,294.00,147.00,7.00,5,0.25,3,29.07,29.820
0.82,612.50,318.50,147.00,7.00,2,0.25,3,24.70,28.770
0.82,612.50,318.50,147.00,7.00,3,0.25,3,25.48,27.760
0.82,612.50,318.50,147.00,7.00,4,0.25,3,25.37,26.950
0.82,612.50,318.50,147.00,7.00,5,0.25,3,25.17,26.410
0.79,637.00,343.00,147.00,7.00,2,0.25,3,39.04,45.130
0.79,637.00,343.00,147.00,7.00,3,0.25,3,38.35,43.660
0.79,637.00,343.00,147.00,7.00,4,0.25,3,39.81,37.760
0.79,637.00,343.00,147.00,7.00,5,0.25,3,39.83,36.870
0.76,661.50,416.50,122.50,7.00,2,0.25,3,35.99,36.070
0.76,661.50,416.50,122.50,7.00,3,0.25,3,36.59,36.440
0.76,661.50,416.50,122.50,7.00,4,0.25,3,35.64,37.280
0.76,661.50,416.50,122.50,7.00,5,0.25,3,36.52,37.290
0.74,686.00,245.00,220.50,3.50,2,0.25,3,11.80,14.490
0.74,686.00,245.00,220.50,3.50,3,0.25,3,12.03,13.790
0.74,686.00,245.00,220.50,3.50,4,0.25,3,11.98,14.720
0.74,686.00,245.00,220.50,3.50,5,0.25,3,11.69,14.760
0.71,710.50,269.50,220.50,3.50,2,0.25,3,12.41,14.920
0.71,710.50,269.50,220.50,3.50,3,0.25,3,12.28,14.740
0.71,710.50,269.50,220.50,3.50,4,0.25,3,12.10,15.570
0.71,710.50,269.50,220.50,3.50,5,0.25,3,12.19,14.940
0.69,735.00,294.00,220.50,3.50,2,0.25,3,12.34,14.920
0.69,735.00,294.00,220.50,3.50,3,0.25,3,12.46,14.380
0.69,735.00,294.00,220.50,3.50,4,0.25,3,12.31,15.440
0.69,735.00,294.00,220.50,3.50,5,0.25,3,12.12,15.170
0.66,759.50,318.50,220.50,3.50,2,0.25,3,12.97,15.530
0.66,759.50,318.50,220.50,3.50,3,0.25,3,13.01,15.800
0.66,759.50,318.50,220.50,3.50,4,0.25,3,12.74,16.140
0.66,759.50,318.50,220.50,3.50,5,0.25,3,12.84,16.260
0.64,784.00,343.00,220.50,3.50,2,0.25,3,16.83,19.870
0.64,784.00,343.00,220.50,3.50,3,0.25,3,16.93,20.030
0.64,784.00,343.00,220.50,3.50,4,0.25,3,16.66,20.460
0.64,784.00,343.00,220.50,3.50,5,0.25,3,16.86,20.280
0.62,808.50,367.50,220.50,3.50,2,0.25,3,13.91,14.890
0.62,808.50,367.50,220.50,3.50,3,0.25,3,14.34,14.960
0.62,808.50,367.50,220.50,3.50,4,0.25,3,13.95,14.890
0.62,808.50,367.50,220.50,3.50,5,0.25,3,13.99,14.350
0.98,514.50,294.00,110.25,7.00,2,0.25,4,28.70,29.610
0.98,514.50,294.00,110.25,7.00,3,0.25,4,28.55,29.590
0.98,514.50,294.00,110.25,7.00,4,0.25,4,28.15,30.190
0.98,514.50,294.00,110.25,7.00,5,0.25,4,28.62,30.120
0.90,563.50,318.50,122.50,7.00,2,0.25,4,32.67,32.120
0.90,563.50,318.50,122.50,7.00,3,0.25,4,31.69,37.120
0.90,563.50,318.50,122.50,7.00,4,0.25,4,32.07,36.160
0.90,563.50,318.50,122.50,7.00,5,0.25,4,33.28,33.160
0.86,588.00,294.00,147.00,7.00,2,0.25,4,29.47,29.450
0.86,588.00,294.00,147.00,7.00,3,0.25,4,28.42,34.190
0.86,588.00,294.00,147.00,7.00,4,0.25,4,29.08,33.930
0.86,588.00,294.00,147.00,7.00,5,0.25,4,29.88,28.310
0.82,612.50,318.50,147.00,7.00,2,0.25,4,25.66,26.300
0.82,612.50,318.50,147.00,7.00,3,0.25,4,24.96,29.430
0.82,612.50,318.50,147.00,7.00,4,0.25,4,25.43,28.760
0.82,612.50,318.50,147.00,7.00,5,0.25,4,26.00,27.340
0.79,637.00,343.00,147.00,7.00,2,0.25,4,40.00,36.260
0.79,637.00,343.00,147.00,7.00,3,0.25,4,38.84,45.480
0.79,637.00,343.00,147.00,7.00,4,0.25,4,38.33,44.160
0.79,637.00,343.00,147.00,7.00,5,0.25,4,40.12,37.260
0.76,661.50,416.50,122.50,7.00,2,0.25,4,36.95,37.200
0.76,661.50,416.50,122.50,7.00,3,0.25,4,36.45,36.760
0.76,661.50,416.50,122.50,7.00,4,0.25,4,36.81,37.050
0.76,661.50,416.50,122.50,7.00,5,0.25,4,36.26,37.510
0.74,686.00,245.00,220.50,3.50,2,0.25,4,12.32,14.920
0.74,686.00,245.00,220.50,3.50,3,0.25,4,12.30,15.240
0.74,686.00,245.00,220.50,3.50,4,0.25,4,12.18,15.030
0.74,686.00,245.00,220.50,3.50,5,0.25,4,12.43,15.350
0.71,710.50,269.50,220.50,3.50,2,0.25,4,12.36,14.670
0.71,710.50,269.50,220.50,3.50,3,0.25,4,12.49,15.090
0.71,710.50,269.50,220.50,3.50,4,0.25,4,12.17,15.200
0.71,710.50,269.50,220.50,3.50,5,0.25,4,12.28,15.640
0.69,735.00,294.00,220.50,3.50,2,0.25,4,12.91,15.370
0.69,735.00,294.00,220.50,3.50,3,0.25,4,12.95,15.730
0.69,735.00,294.00,220.50,3.50,4,0.25,4,12.67,15.830
0.69,735.00,294.00,220.50,3.50,5,0.25,4,12.86,16.130
0.66,759.50,318.50,220.50,3.50,2,0.25,4,12.95,15.950
0.66,759.50,318.50,220.50,3.50,3,0.25,4,13.00,15.590
0.66,759.50,318.50,220.50,3.50,4,0.25,4,12.86,16.170
0.66,759.50,318.50,220.50,3.50,5,0.25,4,12.92,16.140
0.64,784.00,343.00,220.50,3.50,2,0.25,4,16.99,19.650
0.64,784.00,343.00,220.50,3.50,3,0.25,4,16.69,19.760
0.64,784.00,343.00,220.50,3.50,4,0.25,4,16.56,20.370
0.64,784.00,343.00,220.50,3.50,5,0.25,4,16.62,19.900
0.62,808.50,367.50,220.50,3.50,2,0.25,4,14.33,15.410
0.62,808.50,367.50,220.50,3.50,3,0.25,4,14.61,15.560
0.62,808.50,367.50,220.50,3.50,4,0.25,4,14.61,15.070
0.62,808.50,367.50,220.50,3.50,5,0.25,4,14.65,15.380
0.98,514.50,294.00,110.25,7.00,2,0.25,5,28.69,29.530
0.98,514.50,294.00,110.25,7.00,3,0.25,5,28.58,29.770
0.98,514.50,294.00,110.25,7.00,4,0.25,5,28.15,30.000
0.98,514.50,294.00,110.25,7.00,5,0.25,5,28.61,30.200
0.90,563.50,318.50,122.50,7.00,2,0.25,5,33.13,32.250
0.90,563.50,318.50,122.50,7.00,3,0.25,5,32.31,32.000
0.90,563.50,318.50,122.50,7.00,4,0.25,5,31.53,37.190
0.90,563.50,318.50,122.50,7.00,5,0.25,5,32.46,35.620
0.86,588.00,294.00,147.00,7.00,2,0.25,5,29.71,28.020
0.86,588.00,294.00,147.00,7.00,3,0.25,5,29.09,29.430
0.86,588.00,294.00,147.00,7.00,4,0.25,5,28.31,34.150
0.86,588.00,294.00,147.00,7.00,5,0.25,5,29.39,33.470
0.82,612.50,318.50,147.00,7.00,2,0.25,5,25.70,26.530
0.82,612.50,318.50,147.00,7.00,3,0.25,5,25.17,26.080
0.82,612.50,318.50,147.00,7.00,4,0.25,5,24.60,29.310
0.82,612.50,318.50,147.00,7.00,5,0.25,5,25.49,28.140
0.79,637.00,343.00,147.00,7.00,2,0.25,5,39.89,37.540
0.79,637.00,343.00,147.00,7.00,3,0.25,5,39.83,36.660
0.79,637.00,343.00,147.00,7.00,4,0.25,5,39.01,45.280
0.79,637.00,343.00,147.00,7.00,5,0.25,5,38.65,43.730
0.76,661.50,416.50,122.50,7.00,2,0.25,5,35.69,36.930
0.76,661.50,416.50,122.50,7.00,3,0.25,5,36.64,37.010
0.76,661.50,416.50,122.50,7.00,4,0.25,5,36.06,35.730
0.76,661.50,416.50,122.50,7.00,5,0.25,5,36.70,36.150
0.74,686.00,245.00,220.50,3.50,2,0.25,5,12.12,14.480
0.74,686.00,245.00,220.50,3.50,3,0.25,5,11.67,14.580
0.74,686.00,245.00,220.50,3.50,4,0.25,5,11.64,14.810
0.74,686.00,245.00,220.50,3.50,5,0.25,5,12.02,14.030
0.71,710.50,269.50,220.50,3.50,2,0.25,5,12.27,15.270
0.71,710.50,269.50,220.50,3.50,3,0.25,5,12.19,14.710
0.71,710.50,269.50,220.50,3.50,4,0.25,5,12.25,15.230
0.71,710.50,269.50,220.50,3.50,5,0.25,5,12.27,14.970
0.69,735.00,294.00,220.50,3.50,2,0.25,5,12.47,15.140
0.69,735.00,294.00,220.50,3.50,3,0.25,5,12.12,14.970
0.69,735.00,294.00,220.50,3.50,4,0.25,5,12.18,15.220
0.69,735.00,294.00,220.50,3.50,5,0.25,5,12.47,14.600
0.66,759.50,318.50,220.50,3.50,2,0.25,5,12.93,15.830
0.66,759.50,318.50,220.50,3.50,3,0.25,5,12.82,16.030
0.66,759.50,318.50,220.50,3.50,4,0.25,5,12.78,15.800
0.66,759.50,318.50,220.50,3.50,5,0.25,5,13.02,16.060
0.64,784.00,343.00,220.50,3.50,2,0.25,5,16.73,20.130
0.64,784.00,343.00,220.50,3.50,3,0.25,5,16.86,20.010
0.64,784.00,343.00,220.50,3.50,4,0.25,5,16.76,20.190
0.64,784.00,343.00,220.50,3.50,5,0.25,5,16.92,20.290
0.62,808.50,367.50,220.50,3.50,2,0.25,5,13.68,15.190
0.62,808.50,367.50,220.50,3.50,3,0.25,5,13.99,14.610
0.62,808.50,367.50,220.50,3.50,4,0.25,5,14.16,14.610
0.62,808.50,367.50,220.50,3.50,5,0.25,5,13.86,14.750
0.98,514.50,294.00,110.25,7.00,2,0.40,1,32.26,33.370
0.98,514.50,294.00,110.25,7.00,3,0.40,1,32.26,33.340
0.98,514.50,294.00,110.25,7.00,4,0.40,1,32.49,32.830
0.98,514.50,294.00,110.25,7.00,5,0.40,1,32.53,33.040
0.90,563.50,318.50,122.50,7.00,2,0.40,1,36.47,39.280
0.90,563.50,318.50,122.50,7.00,3,0.40,1,37.24,36.380
0.90,563.50,318.50,122.50,7.00,4,0.40,1,36.66,35.920
0.90,563.50,318.50,122.50,7.00,5,0.40,1,35.96,40.990
0.86,588.00,294.00,147.00,7.00,2,0.40,1,31.89,35.990
0.86,588.00,294.00,147.00,7.00,3,0.40,1,32.39,30.660
0.86,588.00,294.00,147.00,7.00,4,0.40,1,32.09,31.700
0.86,588.00,294.00,147.00,7.00,5,0.40,1,31.29,36.730
0.82,612.50,318.50,147.00,7.00,2,0.40,1,29.22,31.710
0.82,612.50,318.50,147.00,7.00,3,0.40,1,29.91,29.130
0.82,612.50,318.50,147.00,7.00,4,0.40,1,29.53,28.990
0.82,612.50,318.50,147.00,7.00,5,0.40,1,28.65,33.540
0.79,637.00,343.00,147.00,7.00,2,0.40,1,41.40,45.290
0.79,637.00,343.00,147.00,7.00,3,0.40,1,42.62,39.070
0.79,637.00,343.00,147.00,7.00,4,0.40,1,42.50,38.350
0.79,637.00,343.00,147.00,7.00,5,0.40,1,41.67,46.940
0.76,661.50,416.50,122.50,7.00,2,0.40,1,40.78,39.550
0.76,661.50,416.50,122.50,7.00,3,0.40,1,39.97,40.850
0.76,661.50,416.50,122.50,7.00,4,0.40,1,40.71,40.630
0.76,661.50,416.50,122.50,7.00,5,0.40,1,40.43,39.480
0.74,686.00,245.00,220.50,3.50,2,0.40,1,14.52,16.940
0.74,686.00,245.00,220.50,3.50,3,0.40,1,14.61,17.250
0.74,686.00,245.00,220.50,3.50,4,0.40,1,14.50,17.030
0.74,686.00,245.00,220.50,3.50,5,0.40,1,14.55,17.250
0.71,710.50,269.50,220.50,3.50,2,0.40,1,14.51,17.100
0.71,710.50,269.50,220.50,3.50,3,0.40,1,14.60,17.510
0.71,710.50,269.50,220.50,3.50,4,0.40,1,14.50,17.120
0.71,710.50,269.50,220.50,3.50,5,0.40,1,14.58,17.470
0.69,735.00,294.00,220.50,3.50,2,0.40,1,14.51,16.500
0.69,735.00,294.00,220.50,3.50,3,0.40,1,14.70,17.000
0.69,735.00,294.00,220.50,3.50,4,0.40,1,14.42,16.870
0.69,735.00,294.00,220.50,3.50,5,0.40,1,14.42,17.200
0.66,759.50,318.50,220.50,3.50,2,0.40,1,15.23,18.140
0.66,759.50,318.50,220.50,3.50,3,0.40,1,15.23,18.030
0.66,759.50,318.50,220.50,3.50,4,0.40,1,15.23,18.140
0.66,759.50,318.50,220.50,3.50,5,0.40,1,15.23,17.950
0.64,784.00,343.00,220.50,3.50,2,0.40,1,19.52,22.720
0.64,784.00,343.00,220.50,3.50,3,0.40,1,19.36,22.730
0.64,784.00,343.00,220.50,3.50,4,0.40,1,19.48,22.720
0.64,784.00,343.00,220.50,3.50,5,0.40,1,19.42,22.530
0.62,808.50,367.50,220.50,3.50,2,0.40,1,15.09,17.200
0.62,808.50,367.50,220.50,3.50,3,0.40,1,17.17,17.210
0.62,808.50,367.50,220.50,3.50,4,0.40,1,17.14,17.150
0.62,808.50,367.50,220.50,3.50,5,0.40,1,17.14,17.200
0.98,514.50,294.00,110.25,7.00,2,0.40,2,32.82,32.960
0.98,514.50,294.00,110.25,7.00,3,0.40,2,32.71,33.130
0.98,514.50,294.00,110.25,7.00,4,0.40,2,32.24,33.940
0.98,514.50,294.00,110.25,7.00,5,0.40,2,32.72,33.780
0.90,563.50,318.50,122.50,7.00,2,0.40,2,35.84,38.350
0.90,563.50,318.50,122.50,7.00,3,0.40,2,36.57,35.390
0.90,563.50,318.50,122.50,7.00,4,0.40,2,36.06,34.940
0.90,563.50,318.50,122.50,7.00,5,0.40,2,35.69,40.660
0.86,588.00,294.00,147.00,7.00,2,0.40,2,32.48,35.480
0.86,588.00,294.00,147.00,7.00,3,0.40,2,32.74,30.530
0.86,588.00,294.00,147.00,7.00,4,0.40,2,32.13,32.280
0.86,588.00,294.00,147.00,7.00,5,0.40,2,31.64,36.860
0.82,612.50,318.50,147.00,7.00,2,0.40,2,28.95,30.340
0.82,612.50,318.50,147.00,7.00,3,0.40,2,29.49,27.930
0.82,612.50,318.50,147.00,7.00,4,0.40,2,28.64,28.950
0.82,612.50,318.50,147.00,7.00,5,0.40,2,28.01,32.920
0.79,637.00,343.00,147.00,7.00,2,0.40,2,41.64,45.590
0.79,637.00,343.00,147.00,7.00,3,0.40,2,43.10,39.410
0.79,637.00,343.00,147.00,7.00,4,0.40,2,42.74,38.840
0.79,637.00,343.00,147.00,7.00,5,0.40,2,41.92,48.030
0.76,661.50,416.50,122.50,7.00,2,0.40,2,40.78,39.480
0.76,661.50,416.50,122.50,7.00,3,0.40,2,40.15,40.400
0.76,661.50,416.50,122.50,7.00,4,0.40,2,40.57,40.470
0.76,661.50,416.50,122.50,7.00,5,0.40,2,40.42,39.700
0.74,686.00,245.00,220.50,3.50,2,0.40,2,14.54,16.430
0.74,686.00,245.00,220.50,3.50,3,0.40,2,14.45,16.930
0.74,686.00,245.00,220.50,3.50,4,0.40,2,14.18,16.990
0.74,686.00,245.00,220.50,3.50,5,0.40,2,14.50,17.030
0.71,710.50,269.50,220.50,3.50,2,0.40,2,14.70,16.770
0.71,710.50,269.50,220.50,3.50,3,0.40,2,14.66,17.370
0.71,710.50,269.50,220.50,3.50,4,0.40,2,14.40,17.270
0.71,710.50,269.50,220.50,3.50,5,0.40,2,14.71,17.510
0.69,735.00,294.00,220.50,3.50,2,0.40,2,14.75,16.440
0.69,735.00,294.00,220.50,3.50,3,0.40,2,14.71,17.010
0.69,735.00,294.00,220.50,3.50,4,0.40,2,14.33,17.230
0.69,735.00,294.00,220.50,3.50,5,0.40,2,14.62,17.220
0.66,759.50,318.50,220.50,3.50,2,0.40,2,15.34,17.850
0.66,759.50,318.50,220.50,3.50,3,0.40,2,15.29,17.890
0.66,759.50,318.50,220.50,3.50,4,0.40,2,15.09,18.360
0.66,759.50,318.50,220.50,3.50,5,0.40,2,15.30,18.150
0.64,784.00,343.00,220.50,3.50,2,0.40,2,19.20,21.720
0.64,784.00,343.00,220.50,3.50,3,0.40,2,18.88,22.070
0.64,784.00,343.00,220.50,3.50,4,0.40,2,18.90,22.090
0.64,784.00,343.00,220.50,3.50,5,0.40,2,19.12,21.930
0.62,808.50,367.50,220.50,3.50,2,0.40,2,16.76,17.360
0.62,808.50,367.50,220.50,3.50,3,0.40,2,17.23,17.380
0.62,808.50,367.50,220.50,3.50,4,0.40,2,17.26,16.860
0.62,808.50,367.50,220.50,3.50,5,0.40,2,17.15,16.990
0.98,514.50,294.00,110.25,7.00,2,0.40,3,32.82,32.780
0.98,514.50,294.00,110.25,7.00,3,0.40,3,32.69,33.240
0.98,514.50,294.00,110.25,7.00,4,0.40,3,32.23,33.860
0.98,514.50,294.00,110.25,7.00,5,0.40,3,32.75,34.000
0.90,563.50,318.50,122.50,7.00,2,0.40,3,34.24,37.260
0.90,563.50,318.50,122.50,7.00,3,0.40,3,34.95,35.040
0.90,563.50,318.50,122.50,7.00,4,0.40,3,35.05,33.820
0.90,563.50,318.50,122.50,7.00,5,0.40,3,34.29,33.310
0.86,588.00,294.00,147.00,7.00,2,0.40,3,31.28,35.220
0.86,588.00,294.00,147.00,7.00,3,0.40,3,32.12,34.700
0.86,588.00,294.00,147.00,7.00,4,0.40,3,32.05,30.110
0.86,588.00,294.00,147.00,7.00,5,0.40,3,31.84,31.600
0.82,612.50,318.50,147.00,7.00,2,0.40,3,28.67,32.430
0.82,612.50,318.50,147.00,7.00,3,0.40,3,29.67,30.650
0.82,612.50,318.50,147.00,7.00,4,0.40,3,29.47,29.770
0.82,612.50,318.50,147.00,7.00,5,0.40,3,28.91,29.640
0.79,637.00,343.00,147.00,7.00,2,0.40,3,41.26,46.440
0.79,637.00,343.00,147.00,7.00,3,0.40,3,41.30,44.180
0.79,637.00,343.00,147.00,7.00,4,0.40,3,42.49,38.810
0.79,637.00,343.00,147.00,7.00,5,0.40,3,42.08,38.230
0.76,661.50,416.50,122.50,7.00,2,0.40,3,39.32,38.170
0.76,661.50,416.50,122.50,7.00,3,0.40,3,39.84,38.480
0.76,661.50,416.50,122.50,7.00,4,0.40,3,38.89,39.660
0.76,661.50,416.50,122.50,7.00,5,0.40,3,39.68,40.100
0.74,686.00,245.00,220.50,3.50,2,0.40,3,13.97,16.080
0.74,686.00,245.00,220.50,3.50,3,0.40,3,14.22,15.390
0.74,686.00,245.00,220.50,3.50,4,0.40,3,14.10,16.570
0.74,686.00,245.00,220.50,3.50,5,0.40,3,13.78,16.600
0.71,710.50,269.50,220.50,3.50,2,0.40,3,14.07,16.110
0.71,710.50,269.50,220.50,3.50,3,0.40,3,14.03,15.470
0.71,710.50,269.50,220.50,3.50,4,0.40,3,13.94,16.700
0.71,710.50,269.50,220.50,3.50,5,0.40,3,13.86,16.100
0.69,735.00,294.00,220.50,3.50,2,0.40,3,14.32,16.350
0.69,735.00,294.00,220.50,3.50,3,0.40,3,14.56,15.840
0.69,735.00,294.00,220.50,3.50,4,0.40,3,14.33,16.990
0.69,735.00,294.00,220.50,3.50,5,0.40,3,14.08,17.020
0.66,759.50,318.50,220.50,3.50,2,0.40,3,15.16,17.040
0.66,759.50,318.50,220.50,3.50,3,0.40,3,15.18,17.630
0.66,759.50,318.50,220.50,3.50,4,0.40,3,14.72,18.100
0.66,759.50,318.50,220.50,3.50,5,0.40,3,14.90,18.220
0.64,784.00,343.00,220.50,3.50,2,0.40,3,18.48,20.780
0.64,784.00,343.00,220.50,3.50,3,0.40,3,18.71,20.720
0.64,784.00,343.00,220.50,3.50,4,0.40,3,18.48,21.540
0.64,784.00,343.00,220.50,3.50,5,0.40,3,18.46,21.530
0.62,808.50,367.50,220.50,3.50,2,0.40,3,16.47,16.900
0.62,808.50,367.50,220.50,3.50,3,0.40,3,16.35,17.140
0.62,808.50,367.50,220.50,3.50,4,0.40,3,16.55,16.560
0.62,808.50,367.50,220.50,3.50,5,0.40,3,16.74,16.000
0.98,514.50,294.00,110.25,7.00,2,0.40,4,32.85,32.950
0.98,514.50,294.00,110.25,7.00,3,0.40,4,32.67,33.060
0.98,514.50,294.00,110.25,7.00,4,0.40,4,32.21,33.950
0.98,514.50,294.00,110.25,7.00,5,0.40,4,32.74,33.880
0.90,563.50,318.50,122.50,7.00,2,0.40,4,36.45,33.980
0.90,563.50,318.50,122.50,7.00,3,0.40,4,35.73,39.920
0.90,563.50,318.50,122.50,7.00,4,0.40,4,35.40,39.220
0.90,563.50,318.50,122.50,7.00,5,0.40,4,36.57,36.100
0.86,588.00,294.00,147.00,7.00,2,0.40,4,32.38,31.530
0.86,588.00,294.00,147.00,7.00,3,0.40,4,31.66,36.200
0.86,588.00,294.00,147.00,7.00,4,0.40,4,32.15,36.210
0.86,588.00,294.00,147.00,7.00,5,0.40,4,32.75,31.000
0.82,612.50,318.50,147.00,7.00,2,0.40,4,28.93,28.200
0.82,612.50,318.50,147.00,7.00,3,0.40,4,28.05,32.350
0.82,612.50,318.50,147.00,7.00,4,0.40,4,28.64,31.140
0.82,612.50,318.50,147.00,7.00,5,0.40,4,29.52,28.430
0.79,637.00,343.00,147.00,7.00,2,0.40,4,42.77,38.330
0.79,637.00,343.00,147.00,7.00,3,0.40,4,41.73,47.590
0.79,637.00,343.00,147.00,7.00,4,0.40,4,41.32,46.230
0.79,637.00,343.00,147.00,7.00,5,0.40,4,42.96,39.560
0.76,661.50,416.50,122.50,7.00,2,0.40,4,40.68,40.360
0.76,661.50,416.50,122.50,7.00,3,0.40,4,40.40,39.670
0.76,661.50,416.50,122.50,7.00,4,0.40,4,40.60,39.850
0.76,661.50,416.50,122.50,7.00,5,0.40,4,40.11,40.770
0.74,686.00,245.00,220.50,3.50,2,0.40,4,14.37,16.610
0.74,686.00,245.00,220.50,3.50,3,0.40,4,14.48,16.740
0.74,686.00,245.00,220.50,3.50,4,0.40,4,14.32,16.900
0.74,686.00,245.00,220.50,3.50,5,0.40,4,14.44,17.320
0.71,710.50,269.50,220.50,3.50,2,0.40,4,14.60,16.850
0.71,710.50,269.50,220.50,3.50,3,0.40,4,14.70,17.200
0.71,710.50,269.50,220.50,3.50,4,0.40,4,14.47,17.230
0.71,710.50,269.50,220.50,3.50,5,0.40,4,14.66,17.740
0.69,735.00,294.00,220.50,3.50,2,0.40,4,14.54,16.810
0.69,735.00,294.00,220.50,3.50,3,0.40,4,14.62,16.880
0.69,735.00,294.00,220.50,3.50,4,0.40,4,14.53,16.900
0.69,735.00,294.00,220.50,3.50,5,0.40,4,14.71,17.390
0.66,759.50,318.50,220.50,3.50,2,0.40,4,15.34,17.860
0.66,759.50,318.50,220.50,3.50,3,0.40,4,15.29,17.820
0.66,759.50,318.50,220.50,3.50,4,0.40,4,15.09,18.360
0.66,759.50,318.50,220.50,3.50,5,0.40,4,15.30,18.240
0.64,784.00,343.00,220.50,3.50,2,0.40,4,19.06,21.680
0.64,784.00,343.00,220.50,3.50,3,0.40,4,19.13,21.540
0.64,784.00,343.00,220.50,3.50,4,0.40,4,19.00,22.250
0.64,784.00,343.00,220.50,3.50,5,0.40,4,18.84,22.490
0.62,808.50,367.50,220.50,3.50,2,0.40,4,16.44,17.100
0.62,808.50,367.50,220.50,3.50,3,0.40,4,16.90,16.790
0.62,808.50,367.50,220.50,3.50,4,0.40,4,16.94,16.580
0.62,808.50,367.50,220.50,3.50,5,0.40,4,16.77,16.790
0.98,514.50,294.00,110.25,7.00,2,0.40,5,32.84,32.880
0.98,514.50,294.00,110.25,7.00,3,0.40,5,32.72,33.230
0.98,514.50,294.00,110.25,7.00,4,0.40,5,32.21,33.760
0.98,514.50,294.00,110.25,7.00,5,0.40,5,32.73,34.010
0.90,563.50,318.50,122.50,7.00,2,0.40,5,35.67,33.940
0.90,563.50,318.50,122.50,7.00,3,0.40,5,35.01,33.140
0.90,563.50,318.50,122.50,7.00,4,0.40,5,34.72,38.790
0.90,563.50,318.50,122.50,7.00,5,0.40,5,35.24,37.270
0.86,588.00,294.00,147.00,7.00,2,0.40,5,32.31,29.690
0.86,588.00,294.00,147.00,7.00,3,0.40,5,31.81,31.200
0.86,588.00,294.00,147.00,7.00,4,0.40,5,31.12,36.260
0.86,588.00,294.00,147.00,7.00,5,0.40,5,32.06,35.710
0.82,612.50,318.50,147.00,7.00,2,0.40,5,30.00,29.930
0.82,612.50,318.50,147.00,7.00,3,0.40,5,29.50,29.560
0.82,612.50,318.50,147.00,7.00,4,0.40,5,29.06,33.840
0.82,612.50,318.50,147.00,7.00,5,0.40,5,29.92,32.540
0.79,637.00,343.00,147.00,7.00,2,0.40,5,42.11,38.560
0.79,637.00,343.00,147.00,7.00,3,0.40,5,41.96,37.700
0.79,637.00,343.00,147.00,7.00,4,0.40,5,41.09,47.010
0.79,637.00,343.00,147.00,7.00,5,0.40,5,40.79,44.870
0.76,661.50,416.50,122.50,7.00,2,0.40,5,38.82,39.370
0.76,661.50,416.50,122.50,7.00,3,0.40,5,39.72,39.800
0.76,661.50,416.50,122.50,7.00,4,0.40,5,39.31,37.790
0.76,661.50,416.50,122.50,7.00,5,0.40,5,39.86,38.180
0.74,686.00,245.00,220.50,3.50,2,0.40,5,14.41,16.690
0.74,686.00,245.00,220.50,3.50,3,0.40,5,14.19,16.620
0.74,686.00,245.00,220.50,3.50,4,0.40,5,14.17,16.940
0.74,686.00,245.00,220.50,3.50,5,0.40,5,14.39,16.700
0.71,710.50,269.50,220.50,3.50,2,0.40,5,12.43,15.590
0.71,710.50,269.50,220.50,3.50,3,0.40,5,12.63,14.580
0.71,710.50,269.50,220.50,3.50,4,0.40,5,12.76,15.330
0.71,710.50,269.50,220.50,3.50,5,0.40,5,12.42,15.310
0.69,735.00,294.00,220.50,3.50,2,0.40,5,14.12,16.630
0.69,735.00,294.00,220.50,3.50,3,0.40,5,14.28,15.870
0.69,735.00,294.00,220.50,3.50,4,0.40,5,14.37,16.540
0.69,735.00,294.00,220.50,3.50,5,0.40,5,14.21,16.740
0.66,759.50,318.50,220.50,3.50,2,0.40,5,14.96,17.640
0.66,759.50,318.50,220.50,3.50,3,0.40,5,14.92,17.790
0.66,759.50,318.50,220.50,3.50,4,0.40,5,14.92,17.550
0.66,759.50,318.50,220.50,3.50,5,0.40,5,15.16,18.060
0.64,784.00,343.00,220.50,3.50,2,0.40,5,17.69,20.820
0.64,784.00,343.00,220.50,3.50,3,0.40,5,18.19,20.210
0.64,784.00,343.00,220.50,3.50,4,0.40,5,18.16,20.710
0.64,784.00,343.00,220.50,3.50,5,0.40,5,17.88,21.400
0.62,808.50,367.50,220.50,3.50,2,0.40,5,16.54,16.880
0.62,808.50,367.50,220.50,3.50,3,0.40,5,16.44,17.110
0.62,808.50,367.50,220.50,3.50,4,0.40,5,16.48,16.610
0.62,808.50,367.50,220.50,3.50,5,0.40,5,16.64,16.03
